{
	"title": "Special: Ecwid Store",
	"desc": "Contains the special demo for our Ecwid store implementation on HealthFlex. Note that you should install Ecwid Shopping Cart plugin first. ",
	"online": "http://plethorathemes.com/healthflex/ecwidshop",
	"plugins_required": {
		"ecwid-shopping-cart/ecwid-shopping-cart.php": {
			"Name": "Ecwid Shopping Cart",
			"PluginURI": "http://www.ecwid.com?source=wporg",
			"Version": "4.0.7",
			"Description": "Ecwid is a free full-featured shopping cart. It can be easily integrated with any Wordpress blog and takes less than 5 minutes to set up. <cite>By <a href=\"http://www.ecwid.com?source=wporg\">Ecwid Team</a>.</cite>",
			"Author": "<a href=\"http://www.ecwid.com?source=wporg\">Ecwid Team</a>",
			"AuthorURI": "http://www.ecwid.com?source=wporg",
			"TextDomain": "ecwid-shopping-cart",
			"DomainPath": "",
			"Network": false,
			"Title": "<a href=\"http://www.ecwid.com?source=wporg\">Ecwid Shopping Cart</a>",
			"AuthorName": "Ecwid Team"
		}
	},
	"authors": [
		{
			"data": {
				"ID": "1",
				"user_login": "plethorathemes",
				"user_pass": "",
				"user_nicename": "plethorathemes",
				"user_email": "plethorathemes@example.com",
				"user_url": "",
				"user_registered": "2016-01-07 17:09:21",
				"user_activation_key": "",
				"user_status": "0",
				"display_name": "plethorathemes",
				"spam": "0",
				"deleted": "0"
			},
			"ID": 1,
			"caps": {
				"administrator": true
			},
			"cap_key": "OKGUYS_2_capabilities",
			"roles": [
				"administrator"
			],
			"allcaps": {
				"switch_themes": true,
				"edit_themes": true,
				"activate_plugins": true,
				"edit_plugins": true,
				"edit_users": true,
				"edit_files": true,
				"manage_options": true,
				"moderate_comments": true,
				"manage_categories": true,
				"manage_links": true,
				"upload_files": true,
				"import": true,
				"unfiltered_html": true,
				"edit_posts": true,
				"edit_others_posts": true,
				"edit_published_posts": true,
				"publish_posts": true,
				"edit_pages": true,
				"read": true,
				"level_10": true,
				"level_9": true,
				"level_8": true,
				"level_7": true,
				"level_6": true,
				"level_5": true,
				"level_4": true,
				"level_3": true,
				"level_2": true,
				"level_1": true,
				"level_0": true,
				"edit_others_pages": true,
				"edit_published_pages": true,
				"publish_pages": true,
				"delete_pages": true,
				"delete_others_pages": true,
				"delete_published_pages": true,
				"delete_posts": true,
				"delete_others_posts": true,
				"delete_published_posts": true,
				"delete_private_posts": true,
				"edit_private_posts": true,
				"read_private_posts": true,
				"delete_private_pages": true,
				"edit_private_pages": true,
				"read_private_pages": true,
				"delete_users": true,
				"create_users": true,
				"unfiltered_upload": true,
				"edit_dashboard": true,
				"update_plugins": true,
				"delete_plugins": true,
				"install_plugins": true,
				"update_themes": true,
				"install_themes": true,
				"update_core": true,
				"list_users": true,
				"remove_users": true,
				"promote_users": true,
				"edit_theme_options": true,
				"delete_themes": true,
				"export": true,
				"administrator": true
			},
			"filter": null
		}
	],
	"categories": [],
	"tags": [],
	"terms": [
		{
			"term_id": 2,
			"name": "mainmenu",
			"slug": "mainmenu",
			"term_group": 0,
			"term_taxonomy_id": 2,
			"taxonomy": "nav_menu",
			"description": "",
			"parent": 0,
			"count": 2,
			"filter": "raw",
			"termmeta": []
		},
		{
			"term_id": 3,
			"name": "top-menu",
			"slug": "top-menu",
			"term_group": 0,
			"term_taxonomy_id": 3,
			"taxonomy": "nav_menu",
			"description": "",
			"parent": 0,
			"count": 3,
			"filter": "raw",
			"termmeta": []
		}
	],
	"posts": {
		"attachment": [
			{
				"ID": 28,
				"post_author": "1",
				"post_date": "2016-02-05 09:34:53",
				"post_date_gmt": "2016-02-05 07:34:53",
				"post_content": "",
				"post_title": "healthflex_ecwid",
				"post_excerpt": "",
				"post_status": "inherit",
				"comment_status": "open",
				"ping_status": "closed",
				"post_password": "",
				"post_name": "healthflex_ecwid",
				"to_ping": "",
				"pinged": "",
				"post_modified": "2016-02-05 09:34:53",
				"post_modified_gmt": "2016-02-05 07:34:53",
				"post_content_filtered": "",
				"post_parent": 0,
				"guid": "http://plethorathemes.com/healthflex/ecwidshop/wp-content/uploads/sites/2/2016/02//healthflex_ecwid.png",
				"menu_order": 0,
				"post_type": "attachment",
				"post_mime_type": "image/png",
				"comment_count": "0",
				"filter": "raw",
				"postmeta": {
					"_wp_attached_file": [
						"2016/02/healthflex_ecwid.png"
					],
					"_wp_attachment_metadata": [
						"a:5:{s:5:\"width\";i:446;s:6:\"height\";i:73;s:4:\"file\";s:28:\"2016/02/healthflex_ecwid.png\";s:5:\"sizes\";a:2:{s:9:\"thumbnail\";a:4:{s:4:\"file\";s:27:\"healthflex_ecwid-150x73.png\";s:5:\"width\";i:150;s:6:\"height\";i:73;s:9:\"mime-type\";s:9:\"image/png\";}s:6:\"medium\";a:4:{s:4:\"file\";s:27:\"healthflex_ecwid-300x49.png\";s:5:\"width\";i:300;s:6:\"height\";i:49;s:9:\"mime-type\";s:9:\"image/png\";}}s:10:\"image_meta\";a:12:{s:8:\"aperture\";s:1:\"0\";s:6:\"credit\";s:0:\"\";s:6:\"camera\";s:0:\"\";s:7:\"caption\";s:0:\"\";s:17:\"created_timestamp\";s:1:\"0\";s:9:\"copyright\";s:0:\"\";s:12:\"focal_length\";s:1:\"0\";s:3:\"iso\";s:1:\"0\";s:13:\"shutter_speed\";s:1:\"0\";s:5:\"title\";s:0:\"\";s:11:\"orientation\";s:1:\"0\";s:8:\"keywords\";a:0:{}}}"
					]
				}
			},
			{
				"ID": 31,
				"post_author": "1",
				"post_date": "2016-02-05 09:53:44",
				"post_date_gmt": "2016-02-05 07:53:44",
				"post_content": "",
				"post_title": "7b916634-c4c0-4390-8447-21cbdb33efd1",
				"post_excerpt": "7b916634-c4c0-4390-8447-21cbdb33efd1",
				"post_status": "inherit",
				"comment_status": "open",
				"ping_status": "closed",
				"post_password": "",
				"post_name": "7b916634-c4c0-4390-8447-21cbdb33efd1",
				"to_ping": "",
				"pinged": "",
				"post_modified": "2016-02-05 09:53:44",
				"post_modified_gmt": "2016-02-05 07:53:44",
				"post_content_filtered": "",
				"post_parent": 5,
				"guid": "http://plethorathemes.com/healthflex/ecwidshop/wp-content/uploads/sites/2/2016/02//ecwid_store_home.jpg",
				"menu_order": 0,
				"post_type": "attachment",
				"post_mime_type": "image/jpeg",
				"comment_count": "0",
				"filter": "raw",
				"postmeta": {
					"_wp_attached_file": [
						"2016/02/ecwid_store_home.jpg"
					],
					"_wp_attachment_metadata": [
						"a:5:{s:5:\"width\";i:1600;s:6:\"height\";i:895;s:4:\"file\";s:28:\"2016/02/ecwid_store_home.jpg\";s:5:\"sizes\";a:4:{s:9:\"thumbnail\";a:4:{s:4:\"file\";s:28:\"ecwid_store_home-150x150.jpg\";s:5:\"width\";i:150;s:6:\"height\";i:150;s:9:\"mime-type\";s:10:\"image/jpeg\";}s:6:\"medium\";a:4:{s:4:\"file\";s:28:\"ecwid_store_home-300x168.jpg\";s:5:\"width\";i:300;s:6:\"height\";i:168;s:9:\"mime-type\";s:10:\"image/jpeg\";}s:12:\"medium_large\";a:4:{s:4:\"file\";s:28:\"ecwid_store_home-768x430.jpg\";s:5:\"width\";i:768;s:6:\"height\";i:430;s:9:\"mime-type\";s:10:\"image/jpeg\";}s:5:\"large\";a:4:{s:4:\"file\";s:29:\"ecwid_store_home-1024x573.jpg\";s:5:\"width\";i:1024;s:6:\"height\";i:573;s:9:\"mime-type\";s:10:\"image/jpeg\";}}s:10:\"image_meta\";a:12:{s:8:\"aperture\";s:1:\"0\";s:6:\"credit\";s:0:\"\";s:6:\"camera\";s:0:\"\";s:7:\"caption\";s:36:\"7b916634-c4c0-4390-8447-21cbdb33efd1\";s:17:\"created_timestamp\";s:10:\"1425476500\";s:9:\"copyright\";s:0:\"\";s:12:\"focal_length\";s:1:\"0\";s:3:\"iso\";s:1:\"0\";s:13:\"shutter_speed\";s:1:\"0\";s:5:\"title\";s:36:\"7b916634-c4c0-4390-8447-21cbdb33efd1\";s:11:\"orientation\";s:1:\"1\";s:8:\"keywords\";a:42:{i:0;s:3:\"spa\";i:1;s:5:\"scrub\";i:2;s:8:\"oriental\";i:3;s:4:\"bowl\";i:4;s:8:\"bathroom\";i:5;s:5:\"brown\";i:6;s:8:\"products\";i:7;s:4:\"salt\";i:8;s:6:\"deluxe\";i:9;s:5:\"towel\";i:10;s:6:\"luxury\";i:11;s:8:\"aromatic\";i:12;s:6:\"shower\";i:13;s:8:\"cosmetic\";i:14;s:9:\"treatment\";i:15;s:9:\"luxurious\";i:16;s:6:\"violet\";i:17;s:5:\"herbs\";i:18;s:7:\"therapy\";i:19;s:4:\"soap\";i:20;s:9:\"lifestyle\";i:21;s:6:\"sticks\";i:22;s:5:\"beach\";i:23;s:6:\"indian\";i:24;s:4:\"bath\";i:25;s:4:\"body\";i:26;s:7:\"objects\";i:27;s:6:\"beauty\";i:28;s:5:\"salon\";i:29;s:7:\"incense\";i:30;s:7:\"massage\";i:31;s:6:\"wooden\";i:32;s:3:\"sea\";i:33;s:7:\"hygiene\";i:34;s:6:\"candle\";i:35;s:3:\"oil\";i:36;s:6:\"exotic\";i:37;s:12:\"aromatherapy\";i:38;s:9:\"pampering\";i:39;s:5:\"asian\";i:40;s:10:\"healthcare\";i:41;s:10:\"relaxation\";}}}"
					]
				}
			},
			{
				"ID": 32,
				"post_author": "1",
				"post_date": "2016-02-05 09:57:18",
				"post_date_gmt": "2016-02-05 07:57:18",
				"post_content": "",
				"post_title": "Pretty young girl with skin puzzle illustration",
				"post_excerpt": "Pretty young girl with skin puzzle illustration on gradient background",
				"post_status": "inherit",
				"comment_status": "open",
				"ping_status": "closed",
				"post_password": "",
				"post_name": "pretty-young-girl-with-skin-puzzle-illustration",
				"to_ping": "",
				"pinged": "",
				"post_modified": "2016-02-05 09:57:18",
				"post_modified_gmt": "2016-02-05 07:57:18",
				"post_content_filtered": "",
				"post_parent": 5,
				"guid": "http://plethorathemes.com/healthflex/ecwidshop/wp-content/uploads/sites/2/2016/02//cosmetic.jpg",
				"menu_order": 0,
				"post_type": "attachment",
				"post_mime_type": "image/jpeg",
				"comment_count": "0",
				"filter": "raw",
				"postmeta": {
					"_wp_attached_file": [
						"2016/02/cosmetic.jpg"
					],
					"_wp_attachment_metadata": [
						"a:5:{s:5:\"width\";i:1600;s:6:\"height\";i:776;s:4:\"file\";s:20:\"2016/02/cosmetic.jpg\";s:5:\"sizes\";a:4:{s:9:\"thumbnail\";a:4:{s:4:\"file\";s:20:\"cosmetic-150x150.jpg\";s:5:\"width\";i:150;s:6:\"height\";i:150;s:9:\"mime-type\";s:10:\"image/jpeg\";}s:6:\"medium\";a:4:{s:4:\"file\";s:20:\"cosmetic-300x146.jpg\";s:5:\"width\";i:300;s:6:\"height\";i:146;s:9:\"mime-type\";s:10:\"image/jpeg\";}s:12:\"medium_large\";a:4:{s:4:\"file\";s:20:\"cosmetic-768x372.jpg\";s:5:\"width\";i:768;s:6:\"height\";i:372;s:9:\"mime-type\";s:10:\"image/jpeg\";}s:5:\"large\";a:4:{s:4:\"file\";s:21:\"cosmetic-1024x497.jpg\";s:5:\"width\";i:1024;s:6:\"height\";i:497;s:9:\"mime-type\";s:10:\"image/jpeg\";}}s:10:\"image_meta\";a:12:{s:8:\"aperture\";s:2:\"13\";s:6:\"credit\";s:11:\"ranczandras\";s:6:\"camera\";s:20:\"Canon EOS 5D Mark II\";s:7:\"caption\";s:70:\"Pretty young girl with skin puzzle illustration on gradient background\";s:17:\"created_timestamp\";s:10:\"1365864666\";s:9:\"copyright\";s:9:\"ra2studio\";s:12:\"focal_length\";s:2:\"50\";s:3:\"iso\";s:2:\"50\";s:13:\"shutter_speed\";s:5:\"0.008\";s:5:\"title\";s:47:\"Pretty young girl with skin puzzle illustration\";s:11:\"orientation\";s:1:\"1\";s:8:\"keywords\";a:50:{i:0;s:4:\"skin\";i:1;s:4:\"face\";i:2;s:6:\"puzzle\";i:3;s:5:\"young\";i:4;s:8:\"cosmetic\";i:5;s:4:\"care\";i:6;s:9:\"treatment\";i:7;s:6:\"beauty\";i:8;s:7:\"concept\";i:9;s:9:\"beautiful\";i:10;s:5:\"white\";i:11;s:5:\"woman\";i:12;s:7:\"surgery\";i:13;s:6:\"female\";i:14;s:6:\"makeup\";i:15;s:8:\"portrait\";i:16;s:4:\"girl\";i:17;s:9:\"caucasian\";i:18;s:10:\"attractive\";i:19;s:6:\"person\";i:20;s:6:\"pretty\";i:21;s:10:\"background\";i:22;s:4:\"eyes\";i:23;s:4:\"lips\";i:24;s:8:\"vitality\";i:25;s:7:\"healthy\";i:26;s:5:\"adult\";i:27;s:4:\"acne\";i:28;s:5:\"close\";i:29;s:6:\"health\";i:30;s:10:\"sensuality\";i:31;s:7:\"problem\";i:32;s:8:\"medicine\";i:33;s:5:\"fresh\";i:34;s:7:\"natural\";i:35;s:7:\"retouch\";i:36;s:5:\"clean\";i:37;s:8:\"wellness\";i:38;s:6:\"purity\";i:39;s:7:\"collage\";i:40;s:7:\"plastic\";i:41;s:8:\"wrinkles\";i:42;s:5:\"women\";i:43;s:10:\"healthcare\";i:44;s:6:\"facial\";i:45;s:7:\"perfect\";i:46;s:8:\"skincare\";i:47;s:10:\"correction\";i:48;s:4:\"sexy\";i:49;s:8:\"feminine\";}}}"
					]
				}
			}
		],
		"page": [
			{
				"ID": 5,
				"post_author": "1",
				"post_date": "2016-02-01 07:13:39",
				"post_date_gmt": "2016-02-01 05:13:39",
				"post_content": "[vc_row full_width=\"0\" full_height=\"0\" row_padding=\"no_padding\" sep_bottom=\"separator_bottom sep_angled_positive_bottom\" particles=\"0\" css=\".vc_custom_1454656814556{padding-top: 36px !important;}\"][vc_column][vc_column_text][ecwid widgets=\"productbrowser minicart categories search\" grid=\"3,3\" list=\"10\" table=\"20\" default_category_id=\"0\" category_view=\"grid\" search_view=\"grid\" minicart_layout=\"MiniAttachToProductBrowser\" ][/vc_column_text][/vc_column][/vc_row][vc_row color_set=\"skincolored_section\" full_width=\"0\" full_height=\"0\" transparent_overlay=\"transparent_film\" background=\"bgimage\" bgimage=\"32\" parallax=\"0\"][vc_column][plethora_headinggroup subtitle=\"Subscribe to our newsletter and be the first to receive discounts and offers!\" align=\"text-center\"]\r\n<h2 style=\"text-align: center;\">Don't miss a single offer!</h2>\r\n[/plethora_headinggroup][plethora_newsletterform][/vc_column][/vc_row]",
				"post_title": "Ecwid Store Home",
				"post_excerpt": "",
				"post_status": "publish",
				"comment_status": "closed",
				"ping_status": "closed",
				"post_password": "",
				"post_name": "store",
				"to_ping": "",
				"pinged": "",
				"post_modified": "2016-02-05 10:00:20",
				"post_modified_gmt": "2016-02-05 08:00:20",
				"post_content_filtered": "",
				"post_parent": 0,
				"guid": "http://plethorathemes.com/healthflex/ecwidshop/store/",
				"menu_order": 0,
				"post_type": "page",
				"post_mime_type": "",
				"comment_count": "0",
				"filter": "raw",
				"is_sticky": false,
				"terms": [],
				"postmeta": {
					"_vc_post_settings": [
						"a:1:{s:10:\"vc_grid_id\";a:0:{}}"
					],
					"_edit_lock": [
						"1454659220:1"
					],
					"_edit_last": [
						"1"
					],
					"ple-mediapanel-otherimage": [
						"a:5:{s:3:\"url\";s:0:\"\";s:2:\"id\";s:0:\"\";s:6:\"height\";s:0:\"\";s:5:\"width\";s:0:\"\";s:9:\"thumbnail\";s:0:\"\";}"
					],
					"ple-mediapanel-map-marker-customimage": [
						"a:5:{s:3:\"url\";s:0:\"\";s:2:\"id\";s:0:\"\";s:6:\"height\";s:0:\"\";s:5:\"width\";s:0:\"\";s:9:\"thumbnail\";s:0:\"\";}"
					],
					"ple-mediapanel-map-snazzy-config": [
						"[{'featureType':'water','stylers':[{'visibility':'on'},{'color':'#428BCA'}]},{'featureType':'landscape','stylers':[{'color':'#f2e5d4'}]},{'featureType':'road.highway','elementType':'geometry','stylers':[{'color':'#c5c6c6'}]},{'featureType':'road.arterial','elementType':'geometry','stylers':[{'color':'#e4d7c6'}]},{'featureType':'road.local','elementType':'geometry','stylers':[{'color':'#fbfaf7'}]},{'featureType':'poi.park','elementType':'geometry','stylers':[{'color':'#c5dac6'}]},{'featureType':'administrative','stylers':[{'visibility':'on'},{'lightness':33}]},{'featureType':'road'},{'featureType':'poi.park','elementType':'labels','stylers':[{'visibility':'on'},{'lightness':20}]},{},{'featureType':'road','stylers':[{'lightness':20}]}]"
					],
					"_wpb_vc_js_status": [
						"true"
					],
					"ple-mediapanel-status": [
						"1"
					],
					"ple-mediapanel": [
						"featuredimage"
					],
					"ple-mediapanel-titles-behavior": [
						"customtitle"
					],
					"ple-mediapanel-title-custom": [
						"ECWID Store"
					],
					"ple-mediapanel-subtitle-custom": [
						"Build your store with  one of the best shopping cart plugins!"
					],
					"ple-page-title": [
						"0"
					],
					"ple-page-subtitle": [
						"0"
					],
					"ple-mediapanel-featuredimage-headings-layout": [
						"normal"
					],
					"ple-mediapanel-featuredimage-title-backgroundtype": [
						"transparent_film"
					],
					"ple-mediapanel-featuredimage-subtitle-colorset": [
						"secondary_section"
					],
					"ple-mediapanel-featuredimage-subtitle-backgroundtype": [
						"transparent_film"
					],
					"ple-mediapanel-featuredimage-text-align": [
						"text-center"
					],
					"_wpb_shortcodes_custom_css": [
						".vc_custom_1454656814556{padding-top: 36px !important;}"
					],
					"_thumbnail_id": [
						"31"
					],
					"ple-content_has_sections": [
						"1"
					]
				},
				"comments": []
			},
			{
				"ID": 15,
				"post_author": "1",
				"post_date": "2016-02-01 09:33:42",
				"post_date_gmt": "2016-02-01 07:33:42",
				"post_content": "[ecwid widgets=\"productbrowser\" categories_per_row=\"3\" grid=\"3,3\" list=\"10\" table=\"20\" default_category_id=\"0\" category_view=\"grid\" search_view=\"list\" minicart_layout=\"MiniAttachToProductBrowser\"]",
				"post_title": "Store with Sidebar",
				"post_excerpt": "",
				"post_status": "publish",
				"comment_status": "closed",
				"ping_status": "closed",
				"post_password": "",
				"post_name": "store-with-sidebar",
				"to_ping": "",
				"pinged": "",
				"post_modified": "2016-02-05 09:59:23",
				"post_modified_gmt": "2016-02-05 07:59:23",
				"post_content_filtered": "",
				"post_parent": 0,
				"guid": "http://plethorathemes.com/healthflex/ecwidshop/?page_id=15",
				"menu_order": 0,
				"post_type": "page",
				"post_mime_type": "",
				"comment_count": "0",
				"filter": "raw",
				"is_sticky": false,
				"terms": [],
				"postmeta": {
					"_vc_post_settings": [
						"a:1:{s:10:\"vc_grid_id\";a:0:{}}"
					],
					"_edit_lock": [
						"1458042052:1"
					],
					"_edit_last": [
						"1"
					],
					"ple-page-layout": [
						"right_sidebar"
					],
					"ple-mediapanel-otherimage": [
						"a:5:{s:3:\"url\";s:0:\"\";s:2:\"id\";s:0:\"\";s:6:\"height\";s:0:\"\";s:5:\"width\";s:0:\"\";s:9:\"thumbnail\";s:0:\"\";}"
					],
					"ple-mediapanel-map-marker-customimage": [
						"a:5:{s:3:\"url\";s:0:\"\";s:2:\"id\";s:0:\"\";s:6:\"height\";s:0:\"\";s:5:\"width\";s:0:\"\";s:9:\"thumbnail\";s:0:\"\";}"
					],
					"ple-mediapanel-map-snazzy-config": [
						"[{'featureType':'water','stylers':[{'visibility':'on'},{'color':'#428BCA'}]},{'featureType':'landscape','stylers':[{'color':'#f2e5d4'}]},{'featureType':'road.highway','elementType':'geometry','stylers':[{'color':'#c5c6c6'}]},{'featureType':'road.arterial','elementType':'geometry','stylers':[{'color':'#e4d7c6'}]},{'featureType':'road.local','elementType':'geometry','stylers':[{'color':'#fbfaf7'}]},{'featureType':'poi.park','elementType':'geometry','stylers':[{'color':'#c5dac6'}]},{'featureType':'administrative','stylers':[{'visibility':'on'},{'lightness':33}]},{'featureType':'road'},{'featureType':'poi.park','elementType':'labels','stylers':[{'visibility':'on'},{'lightness':20}]},{},{'featureType':'road','stylers':[{'lightness':20}]}]"
					],
					"_wpb_vc_js_status": [
						"false"
					],
					"ple-page-subtitle-text": [
						"A chance to checkout the widgets!"
					],
					"ple-mediapanel-status": [
						"1"
					],
					"ple-mediapanel-skincolor-headings-layout": [
						"normal"
					],
					"ple-mediapanel-skincolor-title-backgroundtype": [
						"transparent_film"
					],
					"ple-mediapanel-skincolor-subtitle-colorset": [
						"secondary_section"
					],
					"ple-mediapanel-skincolor-subtitle-backgroundtype": [
						"transparent_film"
					],
					"ple-page-title": [
						"0"
					],
					"ple-page-subtitle": [
						"0"
					],
					"ple-content_has_sections": [
						""
					]
				},
				"comments": []
			}
		],
		"wpcf7_contact_form": [
			{
				"ID": 4,
				"post_author": "1",
				"post_date": "2016-02-01 07:10:35",
				"post_date_gmt": "2016-02-01 07:10:35",
				"post_content": "<p>Your Name (required)<br />\n    [text* your-name] </p>\n\n<p>Your Email (required)<br />\n    [email* your-email] </p>\n\n<p>Subject<br />\n    [text your-subject] </p>\n\n<p>Your Message<br />\n    [textarea your-message] </p>\n\n<p>[submit \"Send\"]</p>\n[your-subject]\n[your-name] <wordpress@plethorathemes.com>\nFrom: [your-name] <[your-email]>\nSubject: [your-subject]\n\nMessage Body:\n[your-message]\n\n--\nThis e-mail was sent from a contact form on HEALTHFLEX - ECWID Ready (http://plethorathemes.com/healthflex/ecwidshop)\nplethorathemes@example.com\nReply-To: [your-email]\n\n0\n0\n\n[your-subject]\nHEALTHFLEX - ECWID Ready <wordpress@plethorathemes.com>\nMessage Body:\n[your-message]\n\n--\nThis e-mail was sent from a contact form on HEALTHFLEX - ECWID Ready (http://plethorathemes.com/healthflex/ecwidshop)\n[your-email]\nReply-To: plethorathemes@example.com\n\n0\n0\nYour message was sent successfully. Thanks.\nFailed to send your message. Please try later or contact the administrator by another method.\nValidation errors occurred. Please confirm the fields and submit it again.\nFailed to send your message. Please try later or contact the administrator by another method.\nPlease accept the terms to proceed.\nPlease fill in the required field.\nThis input is too long.\nThis input is too short.",
				"post_title": "Contact form 1",
				"post_excerpt": "",
				"post_status": "publish",
				"comment_status": "closed",
				"ping_status": "closed",
				"post_password": "",
				"post_name": "contact-form-1",
				"to_ping": "",
				"pinged": "",
				"post_modified": "2016-02-01 07:10:35",
				"post_modified_gmt": "2016-02-01 07:10:35",
				"post_content_filtered": "",
				"post_parent": 0,
				"guid": "http://plethorathemes.com/healthflex/ecwidshop/?post_type=wpcf7_contact_form&p=4",
				"menu_order": 0,
				"post_type": "wpcf7_contact_form",
				"post_mime_type": "",
				"comment_count": "0",
				"filter": "raw",
				"is_sticky": false,
				"terms": [],
				"postmeta": {
					"_form": [
						"<p>Your Name (required)<br />\n    [text* your-name] </p>\n\n<p>Your Email (required)<br />\n    [email* your-email] </p>\n\n<p>Subject<br />\n    [text your-subject] </p>\n\n<p>Your Message<br />\n    [textarea your-message] </p>\n\n<p>[submit \"Send\"]</p>"
					],
					"_mail": [
						"a:8:{s:7:\"subject\";s:14:\"[your-subject]\";s:6:\"sender\";s:42:\"[your-name] <wordpress@plethorathemes.com>\";s:4:\"body\";s:208:\"From: [your-name] <[your-email]>\nSubject: [your-subject]\n\nMessage Body:\n[your-message]\n\n--\nThis e-mail was sent from a contact form on HEALTHFLEX - ECWID Ready (http://plethorathemes.com/healthflex/ecwidshop)\";s:9:\"recipient\";s:24:\"plethorathemes@example.com\";s:18:\"additional_headers\";s:22:\"Reply-To: [your-email]\";s:11:\"attachments\";s:0:\"\";s:8:\"use_html\";i:0;s:13:\"exclude_blank\";i:0;}"
					],
					"_mail_2": [
						"a:9:{s:6:\"active\";b:0;s:7:\"subject\";s:14:\"[your-subject]\";s:6:\"sender\";s:55:\"HEALTHFLEX - ECWID Ready <wordpress@plethorathemes.com>\";s:4:\"body\";s:150:\"Message Body:\n[your-message]\n\n--\nThis e-mail was sent from a contact form on HEALTHFLEX - ECWID Ready (http://plethorathemes.com/healthflex/ecwidshop)\";s:9:\"recipient\";s:12:\"[your-email]\";s:18:\"additional_headers\";s:34:\"Reply-To: plethorathemes@example.com\";s:11:\"attachments\";s:0:\"\";s:8:\"use_html\";i:0;s:13:\"exclude_blank\";i:0;}"
					],
					"_messages": [
						"a:8:{s:12:\"mail_sent_ok\";s:43:\"Your message was sent successfully. Thanks.\";s:12:\"mail_sent_ng\";s:93:\"Failed to send your message. Please try later or contact the administrator by another method.\";s:16:\"validation_error\";s:74:\"Validation errors occurred. Please confirm the fields and submit it again.\";s:4:\"spam\";s:93:\"Failed to send your message. Please try later or contact the administrator by another method.\";s:12:\"accept_terms\";s:35:\"Please accept the terms to proceed.\";s:16:\"invalid_required\";s:34:\"Please fill in the required field.\";s:16:\"invalid_too_long\";s:23:\"This input is too long.\";s:17:\"invalid_too_short\";s:24:\"This input is too short.\";}"
					],
					"_additional_settings": [
						null
					],
					"_locale": [
						"en_US"
					]
				},
				"comments": []
			}
		],
		"nav_menu_item": [
			{
				"ID": 14,
				"post_author": "1",
				"post_date": "2016-02-01 09:30:23",
				"post_date_gmt": "2016-02-01 07:30:23",
				"post_content": " ",
				"post_title": "",
				"post_excerpt": "",
				"post_status": "publish",
				"comment_status": "closed",
				"ping_status": "closed",
				"post_password": "",
				"post_name": "14",
				"to_ping": "",
				"pinged": "",
				"post_modified": "2016-02-05 10:01:49",
				"post_modified_gmt": "2016-02-05 08:01:49",
				"post_content_filtered": "",
				"post_parent": 0,
				"guid": "http://plethorathemes.com/healthflex/ecwidshop/?p=14",
				"menu_order": 1,
				"post_type": "nav_menu_item",
				"post_mime_type": "",
				"comment_count": "0",
				"filter": "raw",
				"db_id": 14,
				"menu_item_parent": "0",
				"object_id": "5",
				"object": "page",
				"type": "post_type",
				"type_label": "Page",
				"url": "http://plethorathemes.com/healthflex/ecwidshop/",
				"title": "Ecwid Store Home",
				"target": "",
				"attr_title": "",
				"description": "",
				"classes": [
					""
				],
				"xfn": "",
				"postmeta": {
					"_vc_post_settings": [
						"a:1:{s:10:\"vc_grid_id\";a:0:{}}"
					],
					"_menu_item_type": [
						"post_type"
					],
					"_menu_item_menu_item_parent": [
						"0"
					],
					"_menu_item_object_id": [
						"5"
					],
					"_menu_item_object": [
						"page"
					],
					"_menu_item_target": [
						""
					],
					"_menu_item_classes": [
						"a:1:{i:0;s:0:\"\";}"
					],
					"_menu_item_xfn": [
						""
					],
					"_menu_item_url": [
						""
					]
				},
				"slug": "mainmenu",
				"comments": []
			},
			{
				"ID": 17,
				"post_author": "1",
				"post_date": "2016-02-01 09:34:12",
				"post_date_gmt": "2016-02-01 07:34:12",
				"post_content": " ",
				"post_title": "",
				"post_excerpt": "",
				"post_status": "publish",
				"comment_status": "closed",
				"ping_status": "closed",
				"post_password": "",
				"post_name": "17",
				"to_ping": "",
				"pinged": "",
				"post_modified": "2016-02-05 10:01:49",
				"post_modified_gmt": "2016-02-05 08:01:49",
				"post_content_filtered": "",
				"post_parent": 0,
				"guid": "http://plethorathemes.com/healthflex/ecwidshop/?p=17",
				"menu_order": 2,
				"post_type": "nav_menu_item",
				"post_mime_type": "",
				"comment_count": "0",
				"filter": "raw",
				"db_id": 17,
				"menu_item_parent": "0",
				"object_id": "15",
				"object": "page",
				"type": "post_type",
				"type_label": "Page",
				"url": "http://plethorathemes.com/healthflex/ecwidshop/store-with-sidebar/",
				"title": "Store with Sidebar",
				"target": "",
				"attr_title": "",
				"description": "",
				"classes": [
					""
				],
				"xfn": "",
				"postmeta": {
					"_vc_post_settings": [
						"a:1:{s:10:\"vc_grid_id\";a:0:{}}"
					],
					"_menu_item_type": [
						"post_type"
					],
					"_menu_item_menu_item_parent": [
						"0"
					],
					"_menu_item_object_id": [
						"15"
					],
					"_menu_item_object": [
						"page"
					],
					"_menu_item_target": [
						""
					],
					"_menu_item_classes": [
						"a:1:{i:0;s:0:\"\";}"
					],
					"_menu_item_xfn": [
						""
					],
					"_menu_item_url": [
						""
					]
				},
				"slug": "mainmenu",
				"comments": []
			},
			{
				"ID": 27,
				"post_author": "1",
				"post_date": "2016-02-05 09:23:51",
				"post_date_gmt": "2016-02-05 07:23:51",
				"post_content": "",
				"post_title": "My Account",
				"post_excerpt": "",
				"post_status": "publish",
				"comment_status": "closed",
				"ping_status": "closed",
				"post_password": "",
				"post_name": "my-account",
				"to_ping": "",
				"pinged": "",
				"post_modified": "2016-02-05 09:23:51",
				"post_modified_gmt": "2016-02-05 07:23:51",
				"post_content_filtered": "",
				"post_parent": 0,
				"guid": "http://plethorathemes.com/healthflex/ecwidshop/?p=27",
				"menu_order": 1,
				"post_type": "nav_menu_item",
				"post_mime_type": "",
				"comment_count": "0",
				"filter": "raw",
				"db_id": 27,
				"menu_item_parent": "0",
				"object_id": "27",
				"object": "custom",
				"type": "custom",
				"type_label": "Custom Link",
				"title": "My Account",
				"url": "http://plethorathemes.com/healthflex/ecwidshop/#!/~/accountSettings",
				"target": "",
				"attr_title": "",
				"description": "",
				"classes": [
					"ecwid-my-account"
				],
				"xfn": "",
				"postmeta": {
					"_vc_post_settings": [
						"a:1:{s:10:\"vc_grid_id\";a:0:{}}"
					],
					"_menu_item_type": [
						"custom"
					],
					"_menu_item_menu_item_parent": [
						"0"
					],
					"_menu_item_object_id": [
						"27"
					],
					"_menu_item_object": [
						"custom"
					],
					"_menu_item_target": [
						""
					],
					"_menu_item_classes": [
						"a:1:{i:0;s:16:\"ecwid-my-account\";}"
					],
					"_menu_item_xfn": [
						""
					],
					"_menu_item_url": [
						"http://plethorathemes.com/healthflex/ecwidshop/#!/~/accountSettings"
					]
				},
				"slug": "top-menu",
				"comments": []
			},
			{
				"ID": 26,
				"post_author": "1",
				"post_date": "2016-02-05 09:23:51",
				"post_date_gmt": "2016-02-05 07:23:51",
				"post_content": "",
				"post_title": "Product Search",
				"post_excerpt": "",
				"post_status": "publish",
				"comment_status": "closed",
				"ping_status": "closed",
				"post_password": "",
				"post_name": "product-search",
				"to_ping": "",
				"pinged": "",
				"post_modified": "2016-02-05 09:23:51",
				"post_modified_gmt": "2016-02-05 07:23:51",
				"post_content_filtered": "",
				"post_parent": 0,
				"guid": "http://plethorathemes.com/healthflex/ecwidshop/?p=26",
				"menu_order": 2,
				"post_type": "nav_menu_item",
				"post_mime_type": "",
				"comment_count": "0",
				"filter": "raw",
				"db_id": 26,
				"menu_item_parent": "0",
				"object_id": "26",
				"object": "custom",
				"type": "custom",
				"type_label": "Custom Link",
				"title": "Product Search",
				"url": "http://plethorathemes.com/healthflex/ecwidshop/#!/~/search",
				"target": "",
				"attr_title": "",
				"description": "",
				"classes": [
					"ecwid-product-search"
				],
				"xfn": "",
				"postmeta": {
					"_vc_post_settings": [
						"a:1:{s:10:\"vc_grid_id\";a:0:{}}"
					],
					"_menu_item_type": [
						"custom"
					],
					"_menu_item_menu_item_parent": [
						"0"
					],
					"_menu_item_object_id": [
						"26"
					],
					"_menu_item_object": [
						"custom"
					],
					"_menu_item_target": [
						""
					],
					"_menu_item_classes": [
						"a:1:{i:0;s:20:\"ecwid-product-search\";}"
					],
					"_menu_item_xfn": [
						""
					],
					"_menu_item_url": [
						"http://plethorathemes.com/healthflex/ecwidshop/#!/~/search"
					]
				},
				"slug": "top-menu",
				"comments": []
			},
			{
				"ID": 25,
				"post_author": "1",
				"post_date": "2016-02-05 09:23:51",
				"post_date_gmt": "2016-02-05 07:23:51",
				"post_content": "",
				"post_title": "Shopping Cart",
				"post_excerpt": "",
				"post_status": "publish",
				"comment_status": "closed",
				"ping_status": "closed",
				"post_password": "",
				"post_name": "shopping-cart",
				"to_ping": "",
				"pinged": "",
				"post_modified": "2016-02-05 09:23:51",
				"post_modified_gmt": "2016-02-05 07:23:51",
				"post_content_filtered": "",
				"post_parent": 0,
				"guid": "http://plethorathemes.com/healthflex/ecwidshop/?p=25",
				"menu_order": 3,
				"post_type": "nav_menu_item",
				"post_mime_type": "",
				"comment_count": "0",
				"filter": "raw",
				"db_id": 25,
				"menu_item_parent": "0",
				"object_id": "25",
				"object": "custom",
				"type": "custom",
				"type_label": "Custom Link",
				"title": "Shopping Cart",
				"url": "http://plethorathemes.com/healthflex/ecwidshop/#!/~/cart",
				"target": "",
				"attr_title": "",
				"description": "",
				"classes": [
					"ecwid-cart"
				],
				"xfn": "",
				"postmeta": {
					"_vc_post_settings": [
						"a:1:{s:10:\"vc_grid_id\";a:0:{}}"
					],
					"_menu_item_type": [
						"custom"
					],
					"_menu_item_menu_item_parent": [
						"0"
					],
					"_menu_item_object_id": [
						"25"
					],
					"_menu_item_object": [
						"custom"
					],
					"_menu_item_target": [
						""
					],
					"_menu_item_classes": [
						"a:1:{i:0;s:10:\"ecwid-cart\";}"
					],
					"_menu_item_xfn": [
						""
					],
					"_menu_item_url": [
						"http://plethorathemes.com/healthflex/ecwidshop/#!/~/cart"
					]
				},
				"slug": "top-menu",
				"comments": []
			}
		]
	},
	"widgets": {
		"sidebar-default": {
			"search-2": {
				"title": ""
			},
			"archives-2": {
				"title": "",
				"count": 0,
				"dropdown": 0
			},
			"categories-2": {
				"title": "",
				"count": 0,
				"hierarchical": 0,
				"dropdown": 0
			}
		},
		"sidebar-pages": {
			"ecwidminicart-2": {
				"title": "Shopping Cart"
			},
			"ecwidsearch-2": {
				"title": "Product Search"
			},
			"ecwidvcategories-2": {
				"title": "Store Categories"
			},
			"ecwidrecentlyviewed-2": {
				"title": "Recently Viewed Products",
				"store_link_title": "You have not viewed any product yet. Open store.",
				"number_of_products": 3
			}
		}
	},
	"menu_locations": {
		"primary": {
			"term_id": 2,
			"name": "mainmenu",
			"slug": "mainmenu",
			"term_group": 0,
			"term_taxonomy_id": 2,
			"taxonomy": "nav_menu",
			"description": "",
			"parent": 0,
			"count": 2,
			"filter": "raw"
		},
		"topbar1": {
			"term_id": 3,
			"name": "top-menu",
			"slug": "top-menu",
			"term_group": 0,
			"term_taxonomy_id": 3,
			"taxonomy": "nav_menu",
			"description": "",
			"parent": 0,
			"count": 3,
			"filter": "raw"
		}
	},
	"static_pages": {
		"page_on_front": "store"
	},
	"theme_options": {
		"last_tab": "0",
		"ple-less-body-bg": "#EFEFEF",
		"ple-less-text-color": "#323232",
		"ple-less-link-color": {
			"regular": "#45aaff",
			"hover": "#304770"
		},
		"ple-less-brand-primary": "#45aaff",
		"ple-less-brand-secondary": "#304770",
		"ple-less-skin-section-txtcolor": "#ffffff",
		"ple-less-skin-section-linkcolor": {
			"regular": "#304770",
			"hover": "#fbc02d"
		},
		"ple-less-secondary-section-txtcolor": "#ffffff",
		"ple-less-secondary-section-linkcolor": {
			"regular": "#45aaff",
			"hover": "#fbc02d"
		},
		"ple-less-light-section-bgcolor": "#e5e5e5",
		"ple-less-light-section-txtcolor": "#323232",
		"ple-less-light-section-linkcolor": {
			"regular": "#45aaff",
			"hover": "#304770"
		},
		"ple-less-dark-section-bgcolor": "#222D3F",
		"ple-less-dark-section-txtcolor": "#ffffff",
		"ple-less-dark-section-linkcolor": {
			"regular": "#45aaff",
			"hover": "#fbc02d"
		},
		"ple-less-white-section-bgcolor": "#ffffff",
		"ple-less-white-section-txtcolor": "#323232",
		"ple-less-white-section-linkcolor": {
			"regular": "#4eabf9",
			"hover": "#304770"
		},
		"ple-less-black-section-bgcolor": "#323232",
		"ple-less-black-section-txtcolor": "#ffffff",
		"ple-less-black-section-linkcolor": {
			"regular": "#45aaff",
			"hover": "#fbc02d"
		},
		"ple-less-font-family-sans-serif": {
			"font-family": "Lato",
			"font-options": "",
			"google": "1",
			"subsets": "latin"
		},
		"ple-less-font-family-alternative": {
			"font-family": "Raleway",
			"font-options": "",
			"google": "1",
			"subsets": "latin"
		},
		"ple-less-font-size-base": {
			"font-size": "15px"
		},
		"ple-less-font-size-alternative-base": {
			"font-size": "15px"
		},
		"ple-less-headings-h1-sizemultiplier": "2.6",
		"ple-less-headings-h2-sizemultiplier": "1.8",
		"ple-less-headings-h3-sizemultiplier": "1.6",
		"ple-less-headings-h4-sizemultiplier": "1.2",
		"ple-less-headings-h5-sizemultiplier": "1",
		"ple-less-headings-h6-sizemultiplier": "0.85",
		"ple-less-headings-text-transform": {
			"text-transform": "uppercase"
		},
		"ple-less-headings-font-weight": {
			"font-weight": "900",
			"font-style": ""
		},
		"ple-less-btn-text-transform": {
			"text-transform": "uppercase"
		},
		"ple-social": {
			"redux_repeater_data": [
				{
					"title": "twitter"
				},
				{
					"title": "facebook"
				},
				{
					"title": "googleplus"
				},
				{
					"title": "linkedin"
				},
				{
					"title": "instagram"
				},
				{
					"title": "skype"
				},
				{
					"title": "email"
				}
			],
			"social_title": [
				"Twitter",
				"Facebook",
				"Google+",
				"LinkedIn",
				"Instagram",
				"Skype",
				"Send Us An Email"
			],
			"social_icon": [
				"fa fa-twitter",
				"fa fa-facebook",
				"fa fa-google-plus",
				"fa fa-linkedin",
				"fa fa-instagram",
				"fa fa-skype",
				"fa fa-envelope"
			],
			"social_url": [
				"#",
				"#",
				"#",
				"#",
				"#",
				"#",
				"#"
			]
		},
		"ple-favicon": {
			"url": "http://plethorathemes.com/healthflex/ecwidshop/wp-content/themes/healthflex/assets/images/favicons/favicon-16x16.png",
			"id": "",
			"height": "",
			"width": "",
			"thumbnail": ""
		},
		"ple-favicon-32": {
			"url": "http://plethorathemes.com/healthflex/ecwidshop/wp-content/themes/healthflex/assets/images/favicons/favicon-32x32.png",
			"id": "",
			"height": "",
			"width": "",
			"thumbnail": ""
		},
		"ple-favicon-96": {
			"url": "http://plethorathemes.com/healthflex/ecwidshop/wp-content/themes/healthflex/assets/images/favicons/favicon-96x96.png",
			"id": "",
			"height": "",
			"width": "",
			"thumbnail": ""
		},
		"ple-less-diagonal-gradient-angle": "45",
		"ple-less-section-background-transparency": "50",
		"ple-mediapanel-less-full-width-photo-min-panel-height": "380",
		"ple-mediapanel-less-full-width-photo-min-panel-height-sm": "280",
		"ple-mediapanel-less-full-width-photo-min-panel-height-xs": "180",
		"ple-mediapanel-less-map-panel-height": "480",
		"ple-mediapanel-less-map-panel-height-sm": "280",
		"ple-mediapanel-less-map-panel-height-xs": "180",
		"ple-header-background": "color",
		"ple-header-background-transparentfilm": "0",
		"ple-less-header-background-transparency": "80",
		"ple-header-sticky": "1",
		"ple-less-header-bgcolor": "#efefef",
		"ple-less-header-txtcolor": "#555555",
		"ple-less-header-linkcolor": {
			"regular": "#444444",
			"hover": "#4eabf9"
		},
		"ple-logo": "1",
		"ple-logo-layout": "1",
		"ple-logo-img": {
			"url": "http://plethorathemes.com/healthflex/ecwidshop/wp-content/uploads/sites/2/2016/02//healthflex_ecwid.png",
			"id": "28",
			"height": "73",
			"width": "446",
			"thumbnail": "http://plethorathemes.com/healthflex/ecwidshop/wp-content/uploads/sites/2/2016/02/healthflex_ecwid-150x73.png"
		},
		"ple-logo-title": "HealthFlex",
		"ple-logo-subtitle": "Call us Toll free +30 1234-567-890",
		"ple-logo-subtitle-animation": "0",
		"ple-logo-subtitle-animation-type": "slideInLeft",
		"ple-less-logo-vertical-margin": {
			"height": "20"
		},
		"ple-less-logo-vertical-margin-sm": {
			"height": "14"
		},
		"ple-less-logo-vertical-margin-xs": {
			"height": "10"
		},
		"ple-less-logo-img-max-height": {
			"height": "38"
		},
		"ple-less-logo-img-max-height-sm": {
			"height": "34"
		},
		"ple-less-logo-img-max-height-xs": {
			"height": "30"
		},
		"ple-less-logo-font-size": {
			"font-size": "32px"
		},
		"ple-less-logo-font-size-sm": {
			"font-size": "28px"
		},
		"ple-less-logo-font-size-xs": {
			"font-size": "22px"
		},
		"ple-navigation-main": "1",
		"ple-navigation-main-location": "primary",
		"ple-navigation-main-behavior": "hover_menu",
		"ple-less-menu-font-size": {
			"font-size": "13px"
		},
		"ple-less-menu-item-vertical-padding": {
			"height": "10"
		},
		"ple-less-menu-item-vertical-padding-md": {
			"height": "10"
		},
		"ple-less-menu-item-vertical-padding-sm": {
			"height": "15"
		},
		"ple-less-menu-item-horizontal-padding": {
			"width": "15"
		},
		"ple-less-menu-item-horizontal-padding-md": {
			"width": "10"
		},
		"ple-less-menu-item-horizontal-padding-sm": {
			"width": "15"
		},
		"ple-socialbar": "1",
		"ple-socialbar-status": {
			"fa fa-twitter": "1",
			"fa fa-facebook": "1",
			"fa fa-google-plus": "1",
			"fa fa-linkedin": "1",
			"fa fa-instagram": "1",
			"fa fa-skype": "1",
			"fa fa-envelope": "1"
		},
		"ple-topbar": "1",
		"ple-topbar-transparency": "1",
		"ple-topbar-layout": "2",
		"ple-topbar-col1": "menu",
		"ple-topbar-col1-menu": "topbar1",
		"ple-topbar-col1-text": "",
		"ple-topbar-col1-align": "text-left",
		"ple-topbar-col1-visibility": "hidden-xs hidden-sm",
		"ple-topbar-col2": "text",
		"ple-topbar-col2-menu": "topbar2",
		"ple-topbar-col2-text": "<i class=\"fa fa-truck\"></i> <strong>FREE Shipping</strong> for orders of $100 or more!",
		"ple-topbar-col2-visibility": "hidden-xs hidden-sm",
		"ple-topbar-col2-align": "text-right",
		"ple-less-topbar-bgcolor": "#efefef",
		"ple-less-topbar-txtcolor": "#555555",
		"ple-less-topbar-linkcolor": {
			"regular": "#555555",
			"hover": "#4EABF9"
		},
		"ple-footer-widgets": "1",
		"ple-footer-background": "sep_angled_positive_top",
		"ple-footer-widgetslayout": "7",
		"ple-footer-sidebar-one": "sidebar-footer-one",
		"ple-footer-sidebar-two": "sidebar-footer-two",
		"ple-footer-sidebar-three": "sidebar-footer-three",
		"ple-footer-sidebar-four": "sidebar-footer-four",
		"ple-less-footer-bgcolor": "#2c4167",
		"ple-less-footer-txtcolor": "#ffffff",
		"ple-less-footer-linkcolor": {
			"regular": "#03a9f4",
			"hover": "#fbc02d"
		},
		"ple-footer-infobar": "1",
		"ple-footer-infobar-colorset": "dark_section",
		"ple-footer-infobar-transparentfilm": "1",
		"ple-footer-infobarcopyright": "Copyright &copy;2016 all rights reserved",
		"ple-footer-infobarcreds": "Designed by <a href=\"http://plethorathemes.com\" target=\"_blank\">Plethora Themes</a>",
		"ple-archivepost-layout": "right_sidebar",
		"ple-archivepost-sidebar": "sidebar-default",
		"ple-archivepost-colorset": "foo",
		"ple-archivepost-title": "1",
		"ple-archivepost-title-text": "The Blog",
		"ple-archivepost-title-tax": "1",
		"ple-archivepost-title-author": "1",
		"ple-archivepost-title-date": "1",
		"ple-archivepost-subtitle": "1",
		"ple-archivepost-subtitle-text": "Medical Articles & News",
		"ple-archivepost-tax-subtitle": "1",
		"ple-archivepost-author-subtitle": "1",
		"ple-archivepost-date-subtitle": "0",
		"ple-archivepost-listtype": "classic",
		"ple-archivepost-mediadisplay": "inherit",
		"ple-archivepost-listing-content": "content",
		"ple-archivepost-listing-subtitle": "0",
		"ple-archivepost-info-category": "1",
		"ple-archivepost-info-author": "1",
		"ple-archivepost-info-date": "1",
		"ple-archivepost-info-comments": "1",
		"ple-archivepost-show-linkbutton": "1",
		"ple-archivepost-show-linkbutton-text": "Read More",
		"ple-archivepost-noposts-title": "No posts where found!",
		"ple-archivepost-noposts-description": "Unfortunately, no posts were found! Please try again soon!",
		"ple-page-layout": "no_sidebar",
		"ple-page-sidebar": "sidebar-pages",
		"ple-page-colorset": "foo",
		"ple-page-title": "1",
		"ple-page-subtitle": "1",
		"ple-one-pager-speed": "300",
		"ple-post-layout": "right_sidebar",
		"ple-post-sidebar": "sidebar-default",
		"ple-post-colorset": "foo",
		"ple-post-title": "1",
		"ple-post-subtitle": "0",
		"ple-post-mediadisplay": "1",
		"ple-post-media-stretch": "stretchy_wrapper ratio_2-1",
		"ple-post-categories": "1",
		"ple-post-tags": "1",
		"ple-post-author": "1",
		"ple-post-date": "1",
		"ple-post-comments": "1",
		"ple-terminology-layout": "no_sidebar",
		"ple-terminology-sidebar": "sidebar-default",
		"ple-terminology-colorset": "foo",
		"ple-terminology-title": "1",
		"ple-terminology-subtitle": "1",
		"ple-terminology-mediadisplay": "1",
		"ple-terminology-categories": "1",
		"ple-terminology-author": "1",
		"ple-terminology-date": "1",
		"ple-terminology-urlrewrite": "terminology",
		"ple-profile-layout-content": "default",
		"ple-profile-colorset": "secondary_section",
		"ple-profile-title": "1",
		"ple-profile-subtitle": "1",
		"ple-profile-media-stretch": "stretchy_wrapper ratio_1-1",
		"ple-profile-authorposts": "0",
		"ple-profile-authorposts-heading": "Latest Posts",
		"ple-profile-authorposts-num": "5",
		"ple-profile-social": {
			"redux_repeater_data": [
				{
					"title": "twitter"
				},
				{
					"title": "facebook"
				},
				{
					"title": "googleplus"
				},
				{
					"title": "linkedin"
				},
				{
					"title": "instagram"
				},
				{
					"title": "skype"
				},
				{
					"title": "email"
				}
			],
			"social_title": [
				"Twitter",
				"Facebook",
				"Google+",
				"LinkedIn",
				"Instagram",
				"Skype",
				"Send Me An Email"
			],
			"social_icon": [
				"fa fa-twitter",
				"fa fa-facebook",
				"fa fa-google-plus",
				"fa fa-linkedin",
				"fa fa-instagram",
				"fa fa-skype",
				"fa fa-envelope"
			],
			"social_url": [
				"",
				"",
				"",
				"",
				"",
				"",
				""
			]
		},
		"ple-profile-urlrewrite": "profile",
		"ple-mediapanel-404-image": {
			"url": "http://plethorathemes.com/healthflex/ecwidshop/wp-content/themes/healthflex/assets/images/404_alt.jpg",
			"id": "",
			"height": "",
			"width": "",
			"thumbnail": ""
		},
		"ple-404-title-text": "OMG! ERROR 404",
		"ple-404-subtitle-text": "The requested page cannot be found!",
		"ple-404-contenttitle": "ERROR 404 IS NOTHING TO REALLY WORRY ABOUT...",
		"ple-404-content": "You may have mis-typed the URL, please check your spelling and try again.",
		"ple-404-search": "1",
		"ple-404-search-btntext": "Search",
		"ple-search-layout": "right_sidebar",
		"ple-search-sidebar": "sidebar-default",
		"ple-search-title": "1",
		"ple-search-title-text": "Search For:",
		"ple-search-subtitle": "1",
		"ple-search-subtitle-text": "This is the default search subtitle",
		"ple-mailchimp_apikey": "",
		"ple-mailchimp_listid": "",
		"ple-customcss": "",
		"ple-customjs": "",
		"ple-analyticsscript": "",
		"ple-analyticsposition": "footer",
		"ple-navlocations": {
			"redux_repeater_data": [
				{
					"title": ""
				},
				{
					"title": ""
				}
			],
			"navpos_desc": [
				"Primary Navigation",
				"Single Landing Page Navigation"
			],
			"navpos_location": [
				"primary",
				"onepager"
			]
		},
		"ple-sidebars": {
			"redux_repeater_data": [
				{
					"title": ""
				},
				{
					"title": ""
				},
				{
					"title": ""
				},
				{
					"title": ""
				},
				{
					"title": ""
				},
				{
					"title": ""
				},
				{
					"title": ""
				}
			],
			"sidebar_name": [
				"Blog Sidebar",
				"Pages Sidebar",
				"Shop Sidebar",
				"Footer Widgets Area #1",
				"Footer Widgets Area #2",
				"Footer Widgets Area #3",
				"Footer Widgets Area #4"
			],
			"sidebar_desc": [
				"Default sidebar to add widgets for blog archives &amp; posts",
				"Default sidebar to add widgets for single pages",
				"Default sidebar to add widgets for shop pages",
				"Footer widgets area #1",
				"Footer widgets area #2",
				"Footer widgets area #3",
				"Footer widgets area #4"
			],
			"sidebar_slug": [
				"sidebar-default",
				"sidebar-pages",
				"sidebar-shop",
				"sidebar-footer-one",
				"sidebar-footer-two",
				"sidebar-footer-three",
				"sidebar-footer-four"
			],
			"sidebar_class": [
				"",
				"",
				"",
				"",
				"",
				"",
				""
			]
		},
		"ple-iconlibraries-preset": {
			"redux_repeater_data": [
				{
					"title": ""
				},
				{
					"title": ""
				},
				{
					"title": ""
				},
				{
					"title": ""
				}
			],
			"title": [
				"Font Awesome",
				"Linea Basic",
				"Webfont Medical Icons",
				"Weather Icons"
			],
			"status": [
				true,
				false,
				true,
				false
			],
			"id": [
				"fontawesome",
				"linea_basic",
				"webfont_medical_icons",
				"weather_icons"
			],
			"class_prefix": [
				"fa",
				"lin",
				"wmi",
				"wi"
			]
		},
		"ple-posttype-profile-status": "1",
		"ple-posttype-slider-status": "1",
		"ple-posttype-terminology-status": "1",
		"ple-posttype-testimonial-status": "1",
		"ple-module-demoimporter-status": "1",
		"ple-module-ecwid-status": "1",
		"ple-module-mailchimp-status": "1",
		"ple-module-mediapanel-status": "1",
		"ple-module-revslider-status": "1",
		"ple-module-systeminfo-status": "1",
		"ple-module-topbar-status": "1",
		"ple-shortcode-button-status": "1",
		"ple-shortcode-classicpost-status": "1",
		"ple-shortcode-fixedmedia-status": "1",
		"ple-shortcode-headinggroup-status": "1",
		"ple-shortcode-imagecompare-status": "1",
		"ple-shortcode-newsletterform-status": "1",
		"ple-shortcode-pricingplan-status": "1",
		"ple-shortcode-profilegrid-status": "1",
		"ple-shortcode-teaserbox-status": "1",
		"ple-shortcode-termsindex-status": "1",
		"ple-shortcode-testimonials-status": "1",
		"ple-widget-aboutus-status": "1",
		"ple-widget-contactforms-status": "1",
		"ple-widget-flickr-status": "1",
		"ple-widget-latestnews-status": "1",
		"ple-widget-multibox-status": "1",
		"ple-widget-timetable-status": "1",
		"ple-dev": "0",
		"ple-dev-options": "enable",
		"ple-dev-templateparts": "enable",
		"ple-dev-layout": "enable",
		"defaults-section": "Reset Section",
		"ple-archivepost-info-tags": 0,
		"ple-profile-layout": "no_sidebar",
		"ple-profile-sidebar": "sidebar-pages"
	}
}