<?xml version="1.0" encoding="UTF-8"?>
<wpml-config>
  <custom-fields>
    <custom-field action="ignore">tribe_events-singleview-basic</custom-field>
    <custom-field action="copy">ple-tribe_events-layout</custom-field>
    <custom-field action="copy">ple-tribe_events-sidebar</custom-field>
    <custom-field action="copy">ple-tribe_events-colorset</custom-field>
    <custom-field action="ignore">tribe_events-singleview-content</custom-field>
    <custom-field action="copy">ple-tribe_events-title</custom-field>
    <custom-field action="copy">ple-tribe_events-subtitle</custom-field>
    <custom-field action="translate">ple-tribe_events-subtitle-text</custom-field>
    <custom-field action="copy">ple-tribe_events-eventcal-back-to-all</custom-field>
    <custom-field action="copy">ple-tribe_events-eventcal-notices</custom-field>
    <custom-field action="copy">ple-tribe_events-eventcal-title</custom-field>
    <custom-field action="copy">ple-tribe_events-eventcal-date</custom-field>
    <custom-field action="copy">ple-tribe_events-eventcal-nav</custom-field>
    <custom-field action="copy">ple-tribe_events-extraclass</custom-field>
    <custom-field action="copy">ple-mediapanel-status</custom-field>
    <custom-field action="ignore">media-start</custom-field>
    <custom-field action="copy">ple-mediapanel</custom-field>
    <custom-field action="copy">ple-mediapanel-image-size</custom-field>
    <custom-field action="copy">ple-mediapanel-otherimage</custom-field>
    <custom-field action="copy">ple-mediapanel-map-lat</custom-field>
    <custom-field action="copy">ple-mediapanel-map-lon</custom-field>
    <custom-field action="copy">ple-mediapanel-map-type</custom-field>
    <custom-field action="copy">ple-mediapanel-map-zoom</custom-field>
    <custom-field action="copy">ple-mediapanel-map-marker</custom-field>
    <custom-field action="copy">ple-mediapanel-map-markertype</custom-field>
    <custom-field action="copy">ple-mediapanel-map-marker-customimage</custom-field>
    <custom-field action="translate">ple-mediapanel-map-markertitle</custom-field>
    <custom-field action="translate">ple-mediapanel-map-markerwindow</custom-field>
    <custom-field action="copy">ple-mediapanel-map-type-switch</custom-field>
    <custom-field action="copy">ple-mediapanel-map-type-switch-position</custom-field>
    <custom-field action="copy">ple-mediapanel-map-type-switch-style</custom-field>
    <custom-field action="copy">ple-mediapanel-map-pan-control</custom-field>
    <custom-field action="copy">ple-mediapanel-map-pan-control-position</custom-field>
    <custom-field action="copy">ple-mediapanel-map-zoom-control</custom-field>
    <custom-field action="copy">ple-mediapanel-map-zoom-control-position</custom-field>
    <custom-field action="copy">ple-mediapanel-map-zoom-control-style</custom-field>
    <custom-field action="copy">ple-mediapanel-map-scrollwheel</custom-field>
    <custom-field action="copy">ple-mediapanel-map-snazzy</custom-field>
    <custom-field action="copy">ple-mediapanel-map-snazzy-config</custom-field>
    <custom-field action="translate">ple-mediapanel-slider</custom-field>
    <custom-field action="copy">ple-mediapanel-revslider</custom-field>
    <custom-field action="ignore">media-end</custom-field>
    <custom-field action="ignore">headings-start</custom-field>
    <custom-field action="copy">ple-mediapanel-titles-behavior</custom-field>
    <custom-field action="translate">ple-mediapanel-title-custom</custom-field>
    <custom-field action="translate">ple-mediapanel-subtitle-custom</custom-field>
    <custom-field action="ignore">headings-end</custom-field>
    <custom-field action="ignore">styling-start</custom-field>
    <custom-field action="copy">ple-mediapanel-skincolor-headings-layout</custom-field>
    <custom-field action="copy">ple-mediapanel-skincolor-title-colorset</custom-field>
    <custom-field action="copy">ple-mediapanel-skincolor-title-backgroundtype</custom-field>
    <custom-field action="copy">ple-mediapanel-skincolor-subtitle-colorset</custom-field>
    <custom-field action="copy">ple-mediapanel-skincolor-subtitle-backgroundtype</custom-field>
    <custom-field action="copy">ple-mediapanel-skincolor-text-align</custom-field>
    <custom-field action="copy">ple-mediapanel-featuredimage-headings-layout</custom-field>
    <custom-field action="copy">ple-mediapanel-featuredimage-title-colorset</custom-field>
    <custom-field action="copy">ple-mediapanel-featuredimage-title-backgroundtype</custom-field>
    <custom-field action="copy">ple-mediapanel-featuredimage-subtitle-colorset</custom-field>
    <custom-field action="copy">ple-mediapanel-featuredimage-subtitle-backgroundtype</custom-field>
    <custom-field action="copy">ple-mediapanel-featuredimage-text-align</custom-field>
    <custom-field action="copy">ple-mediapanel-featuredimage-parallax</custom-field>
    <custom-field action="copy">ple-mediapanel-featuredimage-imgvalign</custom-field>
    <custom-field action="copy">ple-mediapanel-featuredimage-fullheight</custom-field>
    <custom-field action="copy">ple-mediapanel-otherimage-headings-layout</custom-field>
    <custom-field action="copy">ple-mediapanel-otherimage-title-colorset</custom-field>
    <custom-field action="copy">ple-mediapanel-otherimage-title-backgroundtype</custom-field>
    <custom-field action="copy">ple-mediapanel-otherimage-subtitle-colorset</custom-field>
    <custom-field action="copy">ple-mediapanel-otherimage-subtitle-backgroundtype</custom-field>
    <custom-field action="copy">ple-mediapanel-otherimage-text-align</custom-field>
    <custom-field action="copy">ple-mediapanel-otherimage-parallax</custom-field>
    <custom-field action="copy">ple-mediapanel-otherimage-imgvalign</custom-field>
    <custom-field action="copy">ple-mediapanel-otherimage-fullheight</custom-field>
    <custom-field action="copy">ple-mediapanel-slider-fullheight</custom-field>
    <custom-field action="copy">ple-mediapanel-googlemap-headings-layout</custom-field>
    <custom-field action="copy">ple-mediapanel-googlemap-title-colorset</custom-field>
    <custom-field action="copy">ple-mediapanel-googlemap-title-backgroundtype</custom-field>
    <custom-field action="copy">ple-mediapanel-googlemap-subtitle-colorset</custom-field>
    <custom-field action="copy">ple-mediapanel-googlemap-subtitle-backgroundtype</custom-field>
    <custom-field action="copy">ple-mediapanel-googlemap-text-align</custom-field>
    <custom-field action="copy">ple-mediapanel-googlemap-fullheight</custom-field>
    <custom-field action="ignore">styling-end</custom-field>
    <custom-field action="ignore">header-layout-start</custom-field>
    <custom-field action="copy">ple-header-background</custom-field>
    <custom-field action="copy">ple-header-background-transparentfilm</custom-field>
    <custom-field action="copy">ple-header-sticky</custom-field>
    <custom-field action="ignore">header-layout-end</custom-field>
    <custom-field action="ignore">header-logo-start</custom-field>
    <custom-field action="copy">ple-logo</custom-field>
    <custom-field action="ignore">header-logo-end</custom-field>
    <custom-field action="ignore">header-navigation-start</custom-field>
    <custom-field action="copy">ple-navigation-main</custom-field>
    <custom-field action="copy">ple-navigation-main-location</custom-field>
    <custom-field action="ignore">header-navigation-end</custom-field>
    <custom-field action="ignore">header-social-start</custom-field>
    <custom-field action="copy">ple-socialbar</custom-field>
    <custom-field action="ignore">header-social-end</custom-field>
    <custom-field action="ignore">header-topbar-start</custom-field>
    <custom-field action="copy">ple-topbar</custom-field>
    <custom-field action="copy">ple-topbar-transparency</custom-field>
    <custom-field action="copy">ple-topbar-layout</custom-field>
    <custom-field action="copy">ple-topbar-col1</custom-field>
    <custom-field action="copy">ple-topbar-col1-menu</custom-field>
    <custom-field action="copy">ple-topbar-col1-customtext</custom-field>
    <custom-field action="copy">ple-topbar-col1-wpmlswitcher</custom-field>
    <custom-field action="copy">ple-topbar-col1-align</custom-field>
    <custom-field action="copy">ple-topbar-col1-visibility</custom-field>
    <custom-field action="copy">ple-topbar-col2</custom-field>
    <custom-field action="copy">ple-topbar-col2-menu</custom-field>
    <custom-field action="copy">ple-topbar-col2-customtext</custom-field>
    <custom-field action="copy">ple-topbar-col2-wpmlswitcher</custom-field>
    <custom-field action="copy">ple-topbar-col2-visibility</custom-field>
    <custom-field action="copy">ple-topbar-col2-align</custom-field>
    <custom-field action="ignore">header-topbar-end</custom-field>
    <custom-field action="ignore">footer-main-start</custom-field>
    <custom-field action="copy">ple-footer-widgets</custom-field>
    <custom-field action="copy">ple-footer-background</custom-field>
    <custom-field action="copy">ple-footer-widgetslayout</custom-field>
    <custom-field action="copy">ple-footer-sidebar-one</custom-field>
    <custom-field action="copy">ple-footer-sidebar-two</custom-field>
    <custom-field action="copy">ple-footer-sidebar-three</custom-field>
    <custom-field action="copy">ple-footer-sidebar-four</custom-field>
    <custom-field action="ignore">footer-main-end</custom-field>
    <custom-field action="ignore">footer-infobar-start</custom-field>
    <custom-field action="copy">ple-footer-infobar</custom-field>
    <custom-field action="copy">ple-footer-infobar-colorset</custom-field>
    <custom-field action="copy">ple-footer-infobar-transparentfilm</custom-field>
    <custom-field action="ignore">footer-infobar-end</custom-field>
    <custom-field action="copy">ple-page-layout</custom-field>
    <custom-field action="copy">ple-page-sidebar</custom-field>
    <custom-field action="copy">ple-page-colorset</custom-field>
    <custom-field action="copy">ple-page-title</custom-field>
    <custom-field action="copy">ple-page-subtitle</custom-field>
    <custom-field action="translate">ple-page-subtitle-text</custom-field>
    <custom-field action="copy">ple-one-pager-speed</custom-field>
    <custom-field action="copy">ple-profile-layout</custom-field>
    <custom-field action="copy">ple-profile-sidebar</custom-field>
    <custom-field action="copy">ple-profile-colorset</custom-field>
    <custom-field action="copy">ple-profile-layout-content</custom-field>
    <custom-field action="copy">ple-profile-title</custom-field>
    <custom-field action="copy">ple-profile-subtitle</custom-field>
    <custom-field action="translate">ple-profile-subtitle-text</custom-field>
    <custom-field action="copy">ple-profile-media-stretch</custom-field>
    <custom-field action="translate">ple-profile-quote</custom-field>
    <custom-field action="copy">ple-profile-user</custom-field>
    <custom-field action="copy">ple-profile-authorposts</custom-field>
    <custom-field action="translate">ple-profile-authorposts-heading</custom-field>
    <custom-field action="copy">ple-profile-authorposts-num</custom-field>
    <custom-field action="copy">ple-profile-social</custom-field>
    <custom-field action="translate">ple-slider-slides</custom-field>
    <custom-field action="copy">ple-slider-autoplay</custom-field>
    <custom-field action="copy">ple-slider-autoplaytimeout</custom-field>
    <custom-field action="copy">ple-slider-autoplayspeed</custom-field>
    <custom-field action="copy">ple-slider-autoplayhoverpause</custom-field>
    <custom-field action="copy">ple-slider-nav</custom-field>
    <custom-field action="copy">ple-slider-dots</custom-field>
    <custom-field action="copy">ple-slider-loop</custom-field>
    <custom-field action="copy">ple-slider-mousedrag</custom-field>
    <custom-field action="copy">ple-slider-touchdrag</custom-field>
    <custom-field action="copy">ple-slider-lazyload</custom-field>
    <custom-field action="copy">ple-slider-rtl</custom-field>
    <custom-field action="copy">ple-terminology-layout</custom-field>
    <custom-field action="copy">ple-terminology-sidebar</custom-field>
    <custom-field action="copy">ple-terminology-colorset</custom-field>
    <custom-field action="copy">ple-terminology-title</custom-field>
    <custom-field action="copy">ple-terminology-subtitle</custom-field>
    <custom-field action="translate">ple-terminology-subtitle-text</custom-field>
    <custom-field action="copy">ple-terminology-mediadisplay</custom-field>
    <custom-field action="copy">ple-terminology-categories</custom-field>
    <custom-field action="copy">ple-terminology-author</custom-field>
    <custom-field action="copy">ple-terminology-date</custom-field>
    <custom-field action="translate">ple-testimonial-person-name</custom-field>
    <custom-field action="translate">ple-testimonial-person-role</custom-field>
    <custom-field action="ignore">post-singleview-start</custom-field>
    <custom-field action="copy">ple-post-layout</custom-field>
    <custom-field action="copy">ple-post-sidebar</custom-field>
    <custom-field action="copy">ple-post-colorset</custom-field>
    <custom-field action="copy">ple-post-title</custom-field>
    <custom-field action="copy">ple-post-subtitle</custom-field>
    <custom-field action="translate">ple-post-subtitle-text</custom-field>
    <custom-field action="copy">ple-post-mediadisplay</custom-field>
    <custom-field action="copy">ple-post-media-stretch</custom-field>
    <custom-field action="copy">ple-post-categories</custom-field>
    <custom-field action="copy">ple-post-tags</custom-field>
    <custom-field action="copy">ple-post-author</custom-field>
    <custom-field action="copy">ple-post-date</custom-field>
    <custom-field action="copy">ple-post-comments</custom-field>
    <custom-field action="ignore">post-listview-start</custom-field>
    <custom-field action="copy">ple-archivepost-mediadisplay</custom-field>
    <custom-field action="copy">ple-archivepost-listing-content</custom-field>
    <custom-field action="copy">ple-archivepost-listing-subtitle</custom-field>
    <custom-field action="copy">ple-archivepost-info-category</custom-field>
    <custom-field action="copy">ple-archivepost-info-tags</custom-field>
    <custom-field action="copy">ple-archivepost-info-author</custom-field>
    <custom-field action="copy">ple-archivepost-info-date</custom-field>
    <custom-field action="copy">ple-archivepost-info-comments</custom-field>
    <custom-field action="copy">ple-archivepost-show-linkbutton</custom-field>
    <custom-field action="copy">ple-content-audio</custom-field>
    <custom-field action="copy">ple-content-video</custom-field>
  </custom-fields>
  <custom-types>
    <custom-type translate="1">deleted_event</custom-type>
    <custom-type translate="1">profile</custom-type>
    <custom-type translate="1">slider</custom-type>
    <custom-type translate="1">terminology</custom-type>
    <custom-type translate="1">testimonial</custom-type>
    <custom-type translate="1">tribe-ea-record</custom-type>
    <custom-type translate="1">tribe_events</custom-type>
    <custom-type translate="1">tribe_organizer</custom-type>
    <custom-type translate="1">tribe_venue</custom-type>
    <custom-type translate="1">vc4_templates</custom-type>
    <custom-type translate="1">vc_grid_item</custom-type>
    <custom-type translate="1">wpcf7_contact_form</custom-type>
  </custom-types>
  <taxonomies>
    <taxonomy translate="1">group</taxonomy>
    <taxonomy translate="1">post_tag</taxonomy>
    <taxonomy translate="1">term-topic</taxonomy>
    <taxonomy translate="1">testimonial-category</taxonomy>
    <taxonomy translate="1">tribe_events_cat</taxonomy>
  </taxonomies>
  <admin-texts>
    <key name="plethora_options">
      <key name="ple-social">
        <key name="social_title"/>
      </key>
    <key name="ple-logo-img">
        <key name="url"/>
        <key name="id"/>
        <key name="height"/>
        <key name="width"/>
        <key name="thumbnail"/>
    </key>
      <key name="ple-logo-title"/>
      <key name="ple-logo-subtitle"/>
      <key name="ple-topbar-col1-text"/>
      <key name="ple-topbar-col2-text"/>
      <key name="ple-footer-infobarcopyright"/>
      <key name="ple-footer-infobarcreds"/>
      <key name="ple-archivepost-title-text"/>
      <key name="ple-archivepost-subtitle-text"/>
      <key name="ple-archivepost-show-linkbutton-text"/>
      <key name="ple-archivepost-noposts-title"/>
      <key name="ple-archivepost-noposts-description"/>
      <key name="ple-archivetribe_events-title-text"/>
      <key name="ple-archivetribe_events-subtitle-text"/>
      <key name="ple-profile-authorposts-heading"/>
      <key name="ple-404-title-text"/>
      <key name="ple-404-subtitle-text"/>
      <key name="ple-404-contenttitle"/>
      <key name="ple-404-content"/>
      <key name="ple-404-search-btntext"/>
      <key name="ple-search-title-text"/>
    </key>
  </admin-texts>
</wpml-config>
